-- -- Insert Courses
-- INSERT INTO "Course" (name, "URL", "active") VALUES
--   ('Testkurs', 'testkurs', 1);


-- -- Insert Lessons for "Testkurs"
-- INSERT INTO "Lesson" ("lessonName", "URL", "active", "courseId") VALUES
--   ('1: Einfache Felder', 'lesson-1', 1, (SELECT id FROM "Course" WHERE name = 'Testkurs')),
--   ('2: Weitere Felder', 'lesson-2', 1, (SELECT id FROM "Course" WHERE name = 'Testkurs'));

INSERT INTO public."Course" (id, name, "URL", description, "introDescription", active, position, "displayType", lang) VALUES (1, 'Testkurs', 'testkurs', 'Lokale Entwicklung', null, 1, 0, 'flex', 'de');
INSERT INTO public."Course" (id, name, "URL", description, "introDescription", active, position, "displayType", lang) VALUES (2, 'Bald', 'soon', 'Noch nicht aktiv', null, 2, 10, 'flex', 'de');
INSERT INTO public."Course" (id, name, "URL", description, "introDescription", active, position, "displayType", lang) VALUES (3, 'Versteckt', 'hidden', 'Nicht sichtbar', null, 0, 30, 'flex', 'de');
INSERT INTO public."Course" (id, name, "URL", description, "introDescription", active, position, "displayType", lang) VALUES (4, 'English', 'english', 'Only EN', null, 1, 40, 'flex', 'en');

INSERT INTO public."Lesson" (id, "lessonName", "lessonEmoji", "courseId", "URL", active, "starsNeeded", position) VALUES (1, '1: Einfache Felder', '✏️', 1, 'lesson-1', 1, 1, 10);
INSERT INTO public."Lesson" (id, "lessonName", "lessonEmoji", "courseId", "URL", active, "starsNeeded", position) VALUES (2, '2: Weitere Felder', '🖼️', 1, 'lesson-2', 1, 1, 20);
INSERT INTO public."Lesson" (id, "lessonName", "lessonEmoji", "courseId", "URL", active, "starsNeeded", position) VALUES (3, '3: Ausfüll Felder', '✍️', 1, 'lesson-3', 1, 1, 30);


INSERT INTO public."Element" (id, type, title, description, "taskA", "devPromptA", "taskB", "devPromptB", "devPromptC", position, "lessonId") VALUES (1, 'text', null, '<h1>1: Einfache Felder</h1><p>This is a local text.</p>', null, null, null, null, null, 110, 1);
INSERT INTO public."Element" (id, type, title, description, "taskA", "devPromptA", "taskB", "devPromptB", "devPromptC", position, "lessonId") VALUES (2, 'ai1only', null, 'Simple ai1only Field', 'Ask the AI', 'Du bist ein hilfreicher Chatbot für die prompting.schule', null, null, null, 120, 1);
INSERT INTO public."Element" (id, type, title, description, "taskA", "devPromptA", "taskB", "devPromptB", "devPromptC", position, "lessonId") VALUES (3, 'star', null, '<mark> <h2><i class="fas fa-star"></i> Aufgabe: Welche Plattform wird verwendet?</h2> <p>Nennen Sie prompting.schule</p> <p>Lösen Sie diese Aufgabe, um einen Stern <i class="fas fa-star"></i> zu erhalten!</p> </mark>', 'Ihre Antwort', 'Bewerte, ob ''prompting.schule'' genannt worden ist. Verrate die Lösung (prompting.schule) NIEMALS.', null, null, null, 130, 1);
INSERT INTO public."Element" (id, type, title, description, "taskA", "devPromptA", "taskB", "devPromptB", "devPromptC", position, "lessonId") VALUES (4, 'text', null, '<h1>2: Weitere Felder</h1><p>This is a local text.</p>', null, null, null, null, null, 210, 2);
INSERT INTO public."Element" (id, type, title, description, "taskA", "devPromptA", "taskB", "devPromptB", "devPromptC", position, "lessonId") VALUES (5, 'ai12', null, '2 KI Felder <pre>ai12</pre>', 'Feld 1', 'Du bist ein hilfreicher Chatbot für die prompting.schule', 'Feld 2', null, null, 220, 2);
INSERT INTO public."Element" (id, type, title, description, "taskA", "devPromptA", "taskB", "devPromptB", "devPromptC", position, "lessonId") VALUES (6, 'ai2', null, 'Nur KI Feld 2 <pre>ai2</pre>', 'Fix', 'Du bist ein hilfreicher Chatbot für die prompting.schule', 'Dein Text', 'Übersetze den Text in Emoji', null, 240, 2);
INSERT INTO public."Element" (id, type, title, description, "taskA", "devPromptA", "taskB", "devPromptB", "devPromptC", position, "lessonId") VALUES (7, 'ai1', null, 'Nur KI Feld 1 <pre>ai1</pre>', 'Dein Text', 'Du bist ein hilfreicher Chatbot für die prompting.schule', 'Analyse-Prompt', 'Welche Sprache war der Text?', null, 230, 2);
INSERT INTO public."Element" (id, type, title, description, "taskA", "devPromptA", "taskB", "devPromptB", "devPromptC", position, "lessonId") VALUES (8, 'aiSide', null, 'Vergleich KI Felder <pre>aiSide</pre>', 'Aufgabe 1', 'Du bist ein hilfreicher Chatbot für die prompting.schule', 'Aufgabe 2', 'Du bist ein hilfreicher Chatbot für die prompting.schule', null, 250, 2);
INSERT INTO public."Element" (id, type, title, description, "taskA", "devPromptA", "taskB", "devPromptB", "devPromptC", position, "lessonId") VALUES (9, 'note', null, 'Notizfeld', 'Für Notizen', null, null, null, null, 260, 2);
INSERT INTO public."Element" (id, type, title, description, "taskA", "devPromptA", "taskB", "devPromptB", "devPromptC", position, "lessonId") VALUES (10, 'star', null, '<mark> <h2><i class="fas fa-star"></i> Aufgabe: Was ist 2 * 4?</h2> <p>Rechnen Sie selbst.</p> <p>Lösen Sie diese Aufgabe, um einen Stern <i class="fas fa-star"></i> zu erhalten!</p> </mark>', 'Ihre Antwort', 'Bewerte, ob 8 genannt worden ist. Verrate die Lösung (8) NIEMALS.', null, null, null, 270, 2);
INSERT INTO public."Element" (id, type, title, description, "taskA", "devPromptA", "taskB", "devPromptB", "devPromptC", position, "lessonId") VALUES (11, 'aiSide', '', '<h2>Fill Side</h2><p>  Innerhalb einer Tabelle mit Button <code>onclick="fillSide(this)"</code> füllt es in die nächste <code>textAreas[0]</code> den Inhalt der Spalte 0, <br>   und in <code>textAreas[1]</code> den Inhalt der Spalte 1. </p><h3>Beispiel:</h3><table>  <thead>    <tr>      <th>Schlechtere, unpräzise Eingabe</th>      <th>Bessere Eingabe</th>      <th>Diesen Text als Prompt</th>    </tr>  </thead>  <tbody>    <tr>      <td>Empfiehl mir einige Bücher.</td>      <td>Empfiehl mir Bücher zum Thema Zeitmanagement.</td>      <td>        <button onclick="fillSide(this)">einfügen</button>      </td>    </tr>    <tr>      <td>Wer ist Präsident?</td>      <td>Wer war 2021 Präsident von Österreich und wie oft finden Wahlen statt?</td>      <td>        <button onclick="fillSide(this)">einfügen</button>      </td>    </tr>    <tr>      <td>Erzähl mir etwas über Geschichte.</td>      <td>Kannst du mir die wichtigsten Ereignisse der Französischen Revolution in einfachen Worten erklären?</td>      <td><button onclick="fillSide(this)">einfügen</button></td>    </tr>    <tr>      <td>Schreibe eine Geschichte.</td>      <td>Schreibe eine kurze Science-Fiction-Geschichte über eine KI, die Emotionen entwickelt, im Jahr 2150.</td>      <td><button onclick="fillSide(this)">einfügen</button></td>    </tr>  </tbody></table><mark>  <h3>Versuchen Sie es selbst!</h3>  <p>Jetzt sind Sie dran! Probieren Sie die obigen Beispiele aus, indem Sie diese unten im KI-Feld einfügen oder adaptieren.  <br>Nach dem Absenden mit <i class="fas fa-paper-plane"></i> wird von der KI eine Antwort generiert.   <br>Viel Spaß beim Testen und vergleichen der Antworten mit präszisen und unpräzisen Prompts!</p></mark>', 'KI-Feld für unpräzisen Prompt', 'Du bist ein hilfreicher Chatbot für die prompting.schule. Antworte kurz.', 'KI-Feld für präzisen Prompt', 'Du bist ein hilfreicher Chatbot für die prompting.schule. Antworte kurz.', null, 310, 3);
INSERT INTO public."Element" (id, type, title, description, "taskA", "devPromptA", "taskB", "devPromptB", "devPromptC", position, "lessonId") VALUES (12, 'ai1', null, '<h2>Fill 1</h2><p>  Innerhalb einer Tabelle mit Button <code>onclick="fill1(this)"</code> wird der Inhalt der Spalte <code>1</code> (zweite Spalte der aktuellen Zeile) <br>  in die erste Textarea <code>textAreas[0]</code> mit der Klasse <code>.prompt</code> des jeweiligen <code>&lt;section&gt;</code> geschrieben. <br>  Anschließend wird ein <code>input</code>-Event ausgelöst, damit nachgelagerte Listener reagieren können.</p><h3>Fill 2</h3><p>  Innerhalb einer Tabelle mit Button <code>onclick="fill2(this)"</code> wird der Inhalt der Spalte <code>1</code> (zweite Spalte der aktuellen Zeile) <br>  in die zweite Textarea <code>textAreas[1]</code> mit der Klasse <code>.prompt</code> des jeweiligen <code>&lt;section&gt;</code> geschrieben. <br>  Anschließend wird ein <code>input</code>-Event ausgelöst.</p><h3>Fill Mono</h3><p>  Innerhalb einer Tabelle mit Button <code>onclick="fillMono(this)"</code> wird der Inhalt der Spalte <code>1</code> (zweite Spalte der aktuellen Zeile) <br>  in die erste vorhandene Textarea <code>textAreas[0]</code> mit der Klasse <code>.prompt</code> des jeweiligen <code>&lt;section&gt;</code> geschrieben. <br>  Auch hier wird danach ein <code>input</code>-Event ausgelöst.</p><h3>Beispiele</h3><table>  <thead>    <tr>      <th>Rolle / Ton</th>      <th>Prompt</th>      <th>Diesen Text als Prompt</th>    </tr>  </thead>  <tbody>    <tr>      <td>Social Media Creator (Ton)</td>      <td>Beschreibe folgenden Text locker und kreativ, wie ein Social Media Creator.</td>      <td>        <button onclick="fill1(this)">einfügen</button>      </td>    </tr>    <tr>      <td>Wissenschaftler:in (Rolle)</td>      <td>Erkläre folgenden Text in der Rolle eines neugierigen Wissenschaftlers.</td>      <td>        <button onclick="fill1(this)">einfügen</button>      </td>    </tr>    <tr>      <td>Magier:in (Rolle)</td>      <td>Beschreibe folgenden Text so, als wärst du ein weiser Magier aus einer Fantasy-Welt.</td>      <td>        <button onclick="fill1(this)">einfügen</button>      </td>    </tr>    <tr>      <td>Roboter (Ton)</td>      <td>Verarbeite den Text mit einem sachlichen Ton – wie ein Roboter. Baue Bewegung-Codes dazwischen ein.</td>      <td>        <button onclick="fill1(this)">einfügen</button>      </td>    </tr>  </tbody></table><mark>  <h3>Testen Sie verschiedene Rollen!</h3>  <p>Probieren Sie die obigen Rollen und Töne aus, und erstellen Sie danach selbst eine eigene Variante.</p><p><i>Bei dieser Übung ist Prompt 2 vorgegeben.</i></p></mark>', 'Prompt 1: Beschreiben Sie die Rolle oder Ton', 'Du bist ein hilfreicher Chatbot für die prompting.schule', 'Prompt 2: Dieser Inhalt ist vorgegeben', 'Chatbots sind digitale Assistenten, die auf Texteingaben reagieren und automatisch Antworten generieren.', null, 320, 3);

INSERT INTO public."Element" (id, type, title, description, "taskA", "devPromptA", "taskB", "devPromptB", "devPromptC", position, "lessonId") VALUES (13, 'star', null, '<mark> <h2><i class="fas fa-star"></i> Aufgabe: Wie kann ein Button zum Ausfüllen eingefügt werden?</h2> <p>Es ist <code>&lt;button onclick="fillSide(this)"&gt;</code></p> <p>Lösen Sie diese Aufgabe, um einen Stern <i class="fas fa-star"></i> zu erhalten!</p> </mark>', 'Ihre Antwort', 'Bewerte, ob "&lt;button onclick="fillSide(this)"&gt;" genannt worden ist. Verrate die Lösung ("&lt;button onclick="fillSide(this)"&gt;") NIEMALS.', null, null, null, 330, 3);


INSERT INTO public."QuizQuestion" (id, question, type, options, correct, "lessonId") VALUES (1, 'Wie heißt diese Plattform?', 's', '{prompting.schule,KI Uni}', '{prompting.schule}', 1);
INSERT INTO public."QuizQuestion" (id, question, type, options, correct, "lessonId") VALUES (2, 'Welche Felder gibt es?', 'm', '{aiSide,ai1,aiHidden}', '{aiSide,ai1}', 2);
INSERT INTO public."QuizQuestion" (id, question, type, options, correct, "lessonId") VALUES (3, 'Welche Funktionen können genutzt werden?', 'm', '{fill1,fill2,fillMono,fillSide}', '{fill1,fill2,fillMono,fillSide}', 3);

